today/tmr	(0, True)	(-1, True)	(-2, True)	(0, False)	(-1, False)	(-2, False)	(-3, False)	(-3, True)
(0, True)	0.0	0.6428571428571429	0.0	0.14285714285714285	0.21428571428571427	0.0	0.0	0.0
(-1, True)	0.029177718832891247	0.6312997347480106	0.11405835543766578	0.015915119363395226	0.15915119363395225	0.050397877984084884	0.0	0.0
(-2, True)	0.0	0.19704433497536947	0.47783251231527096	0.0	0.04926108374384237	0.2512315270935961	0.009852216748768473	0.014778325123152709
(0, False)	0.1	0.4	0.1	0.1	0.3	0.0	0.0	0.0
(-1, False)	0.011976047904191617	0.3772455089820359	0.05389221556886228	0.005988023952095809	0.4431137724550898	0.10778443113772455	0.0	0.0
(-2, False)	0.0	0.11602209944751381	0.2596685082872928	0.0	0.09392265193370165	0.4972375690607735	0.027624309392265192	0.0055248618784530384
(-3, False)	0.0	0.0	0.22727272727272727	0.0	0.0	0.13636363636363635	0.6363636363636364	0.0
(-3, True)	0.0	0.14285714285714285	0.2857142857142857	0.0	0.0	0.0	0.14285714285714285	0.42857142857142855
